Career,Description
Accountant,"Accountants prepare and examine financial records, ensuring accuracy and compliance with regulations. They handle tax filings, manage budgets, and provide financial advice. Accountants work in public accounting firms, corporations, government agencies, and non-profit organizations."
Actuary,"Actuaries analyze financial risks using mathematics, statistics, and financial theory. They develop policies and strategies for insurance companies, pensions, and other financial institutions. Actuaries help businesses manage risk and ensure financial stability."
Aerospace Engineer,"Aerospace engineers design and test aircraft, spacecraft, and related systems. They work on projects like airplanes, satellites, and rockets, ensuring they meet safety and performance standards. Aerospace engineers work in the aviation and space industries."
Airline Flight Attendant,"Flight attendants ensure passenger safety and comfort during flights. They conduct safety demonstrations, serve food and beverages, and assist with emergencies. Flight attendants work for commercial airlines and private charters."
Airline Pilot,"Airline pilots fly commercial airplanes, ensuring passenger and cargo safety. They conduct pre-flight checks, navigate routes, and communicate with air traffic control. Pilots work for airlines, cargo carriers, and private aviation companies."
Architect,"Architects design buildings and structures, ensuring they are functional, safe, and aesthetically pleasing. They create detailed plans and oversee construction projects from concept to completion. Architects work closely with clients, engineers, and contractors."
Biomedical Engineer,"Biomedical engineers design medical devices, equipment, and software to improve healthcare. They work on projects like artificial organs, prosthetics, and diagnostic machines. Biomedical engineers work in research institutions, hospitals, and medical device companies."
Chef,"Chefs plan menus, prepare meals, and manage kitchen operations in restaurants, hotels, and other establishments. They ensure food quality, safety, and presentation. Chefs often specialize in specific cuisines or cooking techniques."
Chemical Engineer,"Chemical engineers design processes for manufacturing chemicals, pharmaceuticals, and other products. They apply principles of chemistry, physics, and engineering to optimize production. Chemical engineers work in industries like petrochemicals, food processing, and biotechnology."
Civil Engineer,"Civil engineers design and oversee construction projects like roads, bridges, and buildings. They use principles of engineering, mathematics, and science to ensure the infrastructure is safe, sustainable, and cost-effective. Their work involves planning, designing, and managing construction activities."
Construction Manager,"Construction managers oversee building projects, ensuring they are completed on time and within budget. They coordinate with architects, engineers, and contractors, and manage site operations. Construction managers work in residential, commercial, and infrastructure projects."
Data Scientist,"Data scientists analyze complex data sets to help organizations make informed decisions. They use statistical methods, machine learning, and data visualization techniques to uncover patterns and insights. Their work often involves data collection, cleaning, and interpretation."
Dentist,"Dentists diagnose and treat oral health issues, perform dental procedures, and provide preventive care. They conduct exams, fill cavities, and educate patients on oral hygiene. Dentists work in private practices, clinics, and hospitals."
Economist,"Economists study economic trends, analyze data, and develop models to understand financial systems. They provide insights on issues like inflation, employment, and trade policies. Economists work in government, research institutions, and private sector firms."
Electrician,"Electricians install, maintain, and repair electrical systems in buildings and infrastructure. They ensure systems meet safety standards and are functioning properly. Electricians work in residential, commercial, and industrial settings."
Environmental Scientist,"Environmental scientists study the environment and develop solutions to environmental problems. They analyze data on air, water, and soil quality to assess pollution levels and recommend mitigation strategies. They work in government agencies, research institutions, and consulting firms."
Financial Analyst,"Financial analysts evaluate financial data to help businesses make investment decisions. They analyze market trends, economic conditions, and company performance to provide recommendations. They also create financial models and reports to support strategic planning."
Graphic Designer,"Graphic designers create visual concepts to communicate ideas through digital and print media. They use design software to develop layouts, logos, and illustrations. Their work involves collaborating with clients and teams to ensure the designs meet branding and communication goals."
Human Resources Manager,"Human resources managers oversee recruitment, employee relations, and workplace policies. They ensure compliance with labor laws, manage benefits programs, and support employee development. HR managers work in various industries to promote a positive and productive work environment."
Interpreter/Translator,"Interpreters and translators convert spoken or written language from one language to another. They facilitate communication between people who speak different languages. Interpreters work in real-time settings, while translators work with written texts. They work in various industries, including healthcare, legal, and international business."
IT Support Specialist,"IT support specialists assist with technology issues, providing troubleshooting and maintenance for hardware and software. They set up computer systems, manage networks, and ensure cybersecurity. IT support specialists work in various industries to maintain smooth IT operations."
Journalist,"Journalists research, write, and report news stories for media outlets. They conduct interviews, gather information, and verify facts to provide accurate reporting. Journalists work in newspapers, magazines, television, and online media."
Lawyer,"Lawyers advise and represent clients in legal matters. They conduct legal research, draft documents, and argue cases in court. Lawyers specialize in areas like criminal law, corporate law, or family law, and work in law firms, corporations, or government agencies."
Marketing Manager,"Marketing managers plan and execute marketing strategies to promote products or services. They analyze market trends, identify target audiences, and create campaigns to boost brand awareness and sales. They also manage budgets and collaborate with creative teams."
Mechanical Engineer,"Mechanical engineers design, develop, and test mechanical devices and systems. They work on a variety of products, from engines and HVAC systems to robots and medical devices. Their role involves using principles of mechanics, thermodynamics, and materials science."
Microbiologist,"Microbiologists study microorganisms like bacteria, viruses, and fungi to understand their effects on humans, animals, and the environment. They conduct research and develop solutions for medical, environmental, and industrial applications. Microbiologists work in laboratories, research institutions, and healthcare facilities."
Occupational Therapist,"Occupational therapists help individuals regain or improve skills needed for daily living and working. They develop personalized treatment plans and conduct therapy sessions. Occupational therapists work in hospitals, schools, and rehabilitation centers."
Pharmacist,"Pharmacists dispense medications, provide drug information, and advise patients on medication use. They ensure prescriptions are accurately filled and educate patients about potential side effects. Pharmacists work in pharmacies, hospitals, and healthcare facilities."
Physician,"Physicians diagnose and treat illnesses, prescribe medications, and provide preventive care. They conduct physical exams, order tests, and develop treatment plans. Physicians work in hospitals, clinics, and private practices, specializing in areas like pediatrics, surgery, or cardiology."
Psychologist,"Psychologists study human behavior and mental processes to help individuals cope with psychological issues. They conduct assessments, provide therapy, and develop treatment plans. Psychologists work in hospitals, clinics, schools, and private practices, specializing in areas like clinical, counseling, or educational psychology."
Psychotherapist,"Psychotherapists provide mental health therapy to individuals, couples, and groups. They use various therapeutic approaches to help clients address psychological issues and improve their well-being. Psychotherapists work in private practices, clinics, and hospitals."
Public Relations Specialist,"Public relations specialists manage an organization’s public image and communications. They create press releases, handle media inquiries, and develop campaigns to enhance reputation. PR specialists work in corporations, non-profits, and government agencies."
Real Estate Agent,"Real estate agents assist clients in buying, selling, and renting properties. They conduct market research, show properties, and negotiate deals. Real estate agents work for brokerage firms, real estate companies, and independently."
Registered Nurse,"Registered nurses (RNs) provide patient care, administer medications, and collaborate with healthcare teams. They assess patient needs, develop care plans, and educate patients about health conditions. RNs work in various settings, including hospitals, clinics, and nursing homes."
Sales Manager,"Sales managers lead sales teams, develop strategies to meet sales targets, and build customer relationships. They analyze market trends, set sales goals, and train sales staff. Sales managers work in diverse industries, from retail to technology."
Social Worker,"Social workers help individuals and families cope with challenges such as poverty, illness, and abuse. They provide counseling, connect clients with resources, and advocate for social change. Social workers work in hospitals, schools, government agencies, and non-profits."
Software Developer,"Software developers design, code, and maintain applications and systems. They work with programming languages such as Java, Python, and C++ to create software solutions. They collaborate with other developers and stakeholders to ensure the software meets user needs and performs efficiently."
Teacher,"Teachers educate students in various subjects, fostering their intellectual and social development. They create lesson plans, assess student progress, and adapt teaching methods to meet individual needs. Teachers work in schools, colleges, and other educational institutions."
Urban Planner,"Urban planners develop plans for land use and community development. They assess environmental, economic, and social factors to create sustainable urban areas. Urban planners work in government agencies, consulting firms, and non-profits."
Veterinarian,"Veterinarians diagnose and treat health issues in animals, perform surgeries, and provide preventive care. They conduct exams, prescribe medications, and educate pet owners. Veterinarians work in clinics, animal hospitals, and research institutions."
